Country Name,Global Rank Human,Quintile Human,Latitude (generated),Longitude (generated),Index Value
Afghanistan,165,Q5 — Top 20%,34.023,65.5267,0.372
Albania,64,Q5 — Top 20%,40.654,20.076,0.62
Algeria,91,Q5 — Top 20%,28.6045,2.64,0.567
Andorra,35,Q5 — Top 20%,42.5425,1.5893,0.707
Angola,175,Q5 — Top 20%,-12.836,17.808,0.337
Antigua & Barbuda,76,Q5 — Top 20%,17.625,-61.786,0.589
Argentina,59,Q5 — Top 20%,-33.166,-64.31,0.65
Armenia,57,Q5 — Top 20%,40.56,44.449,0.657
Australia,8,Q5 — Top 20%,-24.578,133.582,0.765
Austria,6,Q5 — Top 20%,47.65,14.705,0.768
Azerbaijan,84,Q5 — Top 20%,40.46,47.883,0.575
Bahrain,80,Q5 — Top 20%,26.025,50.5534,0.581
Bangladesh,140,Q5 — Top 20%,24.598,90.1963,0.454
Barbados,68,Q5 — Top 20%,13.1898,-59.559,0.615
Belarus,12,Q5 — Top 20%,53.3292,27.9492,0.753
Belgium,5,Q5 — Top 20%,50.6745,4.4588,0.773
Belize,119,Q5 — Top 20%,17.108,-88.744,0.502
Benin,189,Q5 — Top 20%,10.478,2.274,0.309
Bermuda,36,Q5 — Top 20%,32.3019,-64.7737,0.706
Bhutan,137,Q5 — Top 20%,27.5342,90.3002,0.461
Bolivia,128,Q5 — Top 20%,-16.71,-65.183,0.488
Bosnia & Herzegovina,50,Q5 — Top 20%,44.342,17.804,0.673
Botswana,137,Q5 — Top 20%,-22.126,23.662,0.461
Brazil,63,Q5 — Top 20%,-11.694,-48.978,0.628
Brunei,101,Q5 — Top 20%,4.452,114.557,0.55
Bulgaria,32,Q5 — Top 20%,42.625,24.521,0.714
Burkina Faso,191,Q5 — Top 20%,12.673,-1.226,0.297
Burundi,185,Q5 — Top 20%,-3.333,29.749,0.318
Cabo Verde,117,Q5 — Top 20%,15.416,-23.36,0.514
Cambodia,146,Q5 — Top 20%,12.69,104.444,0.444
Cameroon,169,Q5 — Top 20%,4.4,12.131,0.354
Canada,40,Q5 — Top 20%,59.2067,-111.1937,0.699
Central African Republic,184,Q5 — Top 20%,7.043,21.424,0.32
Chad,197,Q5 — Top 20%,15.981,18.781,0.242
Chile,58,Q5 — Top 20%,-23.176,-69.201,0.652
China,61,Q5 — Top 20%,35.1753,99.3877,0.643
Colombia,105,Q5 — Top 20%,3.794,-73.606,0.542
Comoros,156,Q5 — Top 20%,-11.6527,43.3307,0.407
Congo,157,Q5 — Top 20%,0.509,16.08,0.397
"Congo, DRC",175,Q5 — Top 20%,-1.418,23.607,0.337
Costa Rica,72,Q5 — Top 20%,10.126,-84.075,0.599
Cote d'Ivoire,182,Q5 — Top 20%,7.497,-5.336,0.321
Croatia,27,Q5 — Top 20%,45.754,16.385,0.722
Cuba,28,Q5 — Top 20%,20.571,-76.456,0.718
Cyprus,41,Q5 — Top 20%,34.894,32.928,0.698
Czechia,30,Q5 — Top 20%,49.848,15.2812,0.717
Denmark,22,Q5 — Top 20%,56.113,9.096,0.735
Djibouti,161,Q5 — Top 20%,11.41,42.165,0.383
Dominica,99,Q5 — Top 20%,15.4238,-61.3411,0.551
Dominican Republic,115,Q5 — Top 20%,19.01,-70.1685,0.519
Ecuador,110,Q5 — Top 20%,-1.151,-78.308,0.534
Egypt,116,Q5 — Top 20%,26.16,28.742,0.518
El Salvador,106,Q5 — Top 20%,13.848,-89.229,0.54
Equatorial Guinea,158,Q5 — Top 20%,1.6342,10.4695,0.393
Eritrea,168,Q5 — Top 20%,15.982,38.02,0.357
Estonia,26,Q5 — Top 20%,58.777,25.977,0.723
Eswatini,142,Q5 — Top 20%,-26.5203,31.4607,0.451
Ethiopia,186,Q5 — Top 20%,8.435,38.786,0.316
Fiji,127,Q5 — Top 20%,-17.7941,177.9783,0.492
Finland,10,Q5 — Top 20%,62.716,26.192,0.757
France,23,Q5 — Top 20%,46.656,2.543,0.733
Gabon,142,Q5 — Top 20%,-0.406,11.914,0.451
Georgia,53,Q5 — Top 20%,42.05,43.576,0.666
Germany,4,Q5 — Top 20%,51.3819,9.9877,0.774
Ghana,162,Q5 — Top 20%,7.258,-1.062,0.38
Greece,2,Q5 — Top 20%,39.787,21.617,0.79
Greenland,21,Q5 — Top 20%,71,-39,0.74
Grenada,86,Q5 — Top 20%,12.111,-61.6867,0.572
Guam,73,Q5 — Top 20%,13.45,144.7579,0.595
Guatemala,148,Q5 — Top 20%,15.124,-90.711,0.441
Guinea,187,Q5 — Top 20%,10.599,-10.907,0.314
Guinea-Bissau,180,Q5 — Top 20%,12.191,-14.475,0.326
Guyana,99,Q5 — Top 20%,5.17,-58.939,0.551
Haiti,160,Q5 — Top 20%,19.3175,-72.4205,0.388
Honduras,131,Q5 — Top 20%,14.881,-87.123,0.484
Hungary,38,Q5 — Top 20%,47.174,19.618,0.705
Iceland,33,Q5 — Top 20%,64.826,-18.417,0.713
India,150,Q5 — Top 20%,22.741,78.236,0.429
Indonesia,135,Q5 — Top 20%,-0.739,114.045,0.464
Iran,65,Q5 — Top 20%,33.408,54.0418,0.619
Iraq,118,Q5 — Top 20%,33.545,43.278,0.509
Ireland,10,Q5 — Top 20%,53.214,-7.588,0.757
Israel,52,Q5 — Top 20%,30.992,34.834,0.67
Italy,17,Q5 — Top 20%,44.3713,11.1084,0.748
Jamaica,112,Q5 — Top 20%,18.163,-77.477,0.528
Japan,51,Q5 — Top 20%,35.962,137.855,0.671
Jordan,109,Q5 — Top 20%,30.681,36.279,0.535
Kazakhstan,62,Q5 — Top 20%,48.866,69.772,0.64
Kenya,170,Q5 — Top 20%,0.806,38.166,0.347
Kiribati,153,Q5 — Top 20%,2.048,-158.59,0.416
Kuwait,73,Q5 — Top 20%,29.3169,47.4272,0.595
Kyrgyzstan,108,Q5 — Top 20%,41.741,75.043,0.536
Lao PDR,145,Q5 — Top 20%,19.595,102.538,0.448
Latvia,36,Q5 — Top 20%,57.017,25.0173,0.706
Lebanon,71,Q5 — Top 20%,34.161,36.021,0.609
Lesotho,152,Q5 — Top 20%,-29.446,28.371,0.422
Liberia,189,Q5 — Top 20%,6.51,-9.33,0.309
Libya,90,Q5 — Top 20%,27.24,17.571,0.568
Lithuania,9,Q5 — Top 20%,55.342,24.23,0.76
Luxembourg,28,Q5 — Top 20%,49.671,6.113,0.718
Madagascar,182,Q5 — Top 20%,-19.615,46.645,0.321
Malawi,181,Q5 — Top 20%,-13.2731,33.7428,0.324
Malaysia,79,Q5 — Top 20%,4.416,102.099,0.583
Maldives,114,Q5 — Top 20%,4.221,73.463,0.522
Mali,192,Q5 — Top 20%,18.211,-2.209,0.286
Malta,20,Q5 — Top 20%,35.9024,14.4137,0.744
Marshall Is.,139,Q5 — Top 20%,,,0.455
Mauritania,170,Q5 — Top 20%,19.413,-10.6528,0.347
Mauritius,78,Q5 — Top 20%,-20.2529,57.5902,0.584
Mexico,98,Q5 — Top 20%,22.925,-101.68,0.556
Micronesia,123,Q5 — Top 20%,7.531,150.457,0.499
Moldova,48,Q5 — Top 20%,47.524,28.444,0.676
Monaco,1,Q5 — Top 20%,43.7384,7.4243,0.838
Mongolia,91,Q5 — Top 20%,46.516,102.564,0.567
Montenegro,44,Q5 — Top 20%,42.857,19.096,0.693
Morocco,88,Q5 — Top 20%,31.129,-7.355,0.569
Mozambique,188,Q5 — Top 20%,-13.852,38.042,0.312
Myanmar,144,Q5 — Top 20%,21.841,96.05,0.449
Namibia,149,Q5 — Top 20%,-21.276,17.219,0.437
Nauru,126,Q5 — Top 20%,-0.5287,166.9315,0.494
Nepal,130,Q5 — Top 20%,28.2114,83.5608,0.485
Netherlands,17,Q5 — Top 20%,52.1704,5.0102,0.748
New Zealand,25,Q5 — Top 20%,-42.558,172.377,0.725
Nicaragua,134,Q5 — Top 20%,12.692,-85.03,0.47
Niger,195,Q5 — Top 20%,16.996,9.915,0.252
Nigeria,198,Q5 — Top 20%,9.3417,7.678,0.232
North Korea,83,Q5 — Top 20%,39.767,126.389,0.58
North Macedonia,49,Q5 — Top 20%,41.636,21.676,0.674
Norway,7,Q5 — Top 20%,61.3701,9.3031,0.766
Oman,107,Q5 — Top 20%,19.85,56.25,0.539
Pakistan,167,Q5 — Top 20%,28.1854,66.6429,0.359
Palau,101,Q5 — Top 20%,7.5288,134.5573,0.55
Panama,111,Q5 — Top 20%,8.348,-81.005,0.533
Papua New Guinea,174,Q5 — Top 20%,-5.636,142.798,0.342
Paraguay,85,Q5 — Top 20%,-23.266,-58.409,0.574
Peru,124,Q5 — Top 20%,-12.664,-72.98,0.498
Philippines,133,Q5 — Top 20%,17.181,121.256,0.473
Poland,45,Q5 — Top 20%,52.442,19.72,0.688
Portugal,3,Q5 — Top 20%,40.957,-7.9373,0.777
Puerto Rico,55,Q5 — Top 20%,18.242,-66.643,0.665
Qatar,80,Q5 — Top 20%,25.3174,51.1522,0.581
Romania,46,Q5 — Top 20%,45.933,25.119,0.685
Russia,41,Q5 — Top 20%,64.736,104.062,0.698
Rwanda,163,Q5 — Top 20%,-1.887,29.904,0.373
Samoa,129,Q5 — Top 20%,-13.6221,-172.439,0.487
San Marino,16,Q5 — Top 20%,43.942,12.4611,0.749
Sao Tome & Principe,146,Q5 — Top 20%,0.216,6.595,0.444
Saudi Arabia,68,Q5 — Top 20%,24.191,44.32,0.615
Senegal,159,Q5 — Top 20%,15.044,-15.081,0.39
Serbia,31,Q5 — Top 20%,44.021,20.699,0.715
Seychelles,97,Q5 — Top 20%,-4.6841,55.4924,0.563
Sierra Leone,193,Q5 — Top 20%,8.677,-11.779,0.283
Singapore,70,Q5 — Top 20%,1.3389,103.8297,0.614
Slovakia,43,Q5 — Top 20%,48.8595,19.4434,0.697
Slovenia,39,Q5 — Top 20%,46.037,14.534,0.703
Solomon Is.,154,Q5 — Top 20%,-9.5987,160.1487,0.409
Somalia,196,Q5 — Top 20%,2.875,43.446,0.251
South Africa,125,Q5 — Top 20%,-31.7,23.441,0.496
South Korea,47,Q5 — Top 20%,36.338,128.16,0.684
South Sudan,194,Q5 — Top 20%,7.1,30.48,0.268
Spain,15,Q5 — Top 20%,40.617,-3.388,0.752
Sri Lanka,88,Q5 — Top 20%,7.3,80.727,0.569
St. Kitts & Nevis,76,Q5 — Top 20%,17.147,-62.58,0.589
St. Lucia,80,Q5 — Top 20%,13.909,-60.9776,0.581
St. Vincent & the Grenadines,94,Q5 — Top 20%,13.2528,-61.1949,0.564
State of Palestine,91,Q5 — Top 20%,32.097,35.26,0.567
Sudan,155,Q5 — Top 20%,15.739,29.533,0.408
Suriname,94,Q5 — Top 20%,4.248,-55.848,0.564
Sweden,12,Q5 — Top 20%,66.2188,19,0.753
Switzerland,12,Q5 — Top 20%,46.7794,8.0329,0.753
Syria,103,Q5 — Top 20%,35.303,38.322,0.546
Tajikistan,136,Q5 — Top 20%,38.367,72.597,0.462
Tanzania,179,Q5 — Top 20%,-5.651,34.146,0.331
Thailand,94,Q5 — Top 20%,15.688,100.845,0.564
The Bahamas,86,Q5 — Top 20%,24.7032,-78.0455,0.572
The Gambia,166,Q5 — Top 20%,13.499,-14.641,0.361
Timor-Leste,151,Q5 — Top 20%,-8.856,125.556,0.426
Togo,170,Q5 — Top 20%,7.7,1.106,0.347
Tonga,132,Q5 — Top 20%,-21.167,-175.19,0.474
Trinidad & Tobago,75,Q5 — Top 20%,10.4435,-61.2604,0.592
Tunisia,66,Q5 — Top 20%,35.594,9.421,0.617
Turkey,60,Q5 — Top 20%,39.144,34.188,0.646
Turkmenistan,113,Q5 — Top 20%,39.584,59.597,0.523
Tuvalu,121,Q5 — Top 20%,-7.4786,178.6758,0.501
Uganda,177,Q5 — Top 20%,1.9392,32.7415,0.336
Ukraine,53,Q5 — Top 20%,49.364,32.132,0.666
United Arab Emirates,67,Q5 — Top 20%,23.9299,53.9031,0.616
United Kingdom,24,Q5 — Top 20%,52.289,-1.259,0.732
United States,17,Q5 — Top 20%,40.0792,-98.8164,0.748
Uruguay,34,Q5 — Top 20%,-32.948,-56.249,0.712
Uzbekistan,104,Q5 — Top 20%,41.757,63.958,0.544
Vanuatu,140,Q5 — Top 20%,-15.339,166.89,0.454
Venezuela,119,Q5 — Top 20%,6.983,-64.588,0.502
Vietnam,122,Q5 — Top 20%,21.75,105.373,0.5
Virgin Is.,56,Q5 — Top 20%,,,0.663
Yemen,163,Q5 — Top 20%,15.569,47.793,0.373
Zambia,173,Q5 — Top 20%,-15.13,25.268,0.345
Zimbabwe,178,Q5 — Top 20%,-19.098,30.047,0.335
